original_size,compressed_size,compression_ratio
7337,3609,0.5081095815728499
6404,2982,0.5343535290443473
3070,1507,0.5091205211726384
4361,2122,0.5134143545058473
8244,3949,0.5209849587578845
2652,1270,0.5211161387631975
3566,1634,0.5417835109366237
5021,2297,0.5425214100776738
6214,1892,0.6955262310910846
637,389,0.3893249607535322
4922,2253,0.5422592442096709
2873,1510,0.4744169857292029
4813,2342,0.5134012050696032
3647,1637,0.5511379215793804
3247,1342,0.5866954111487527
2011,1073,0.4664346096469418
3540,1662,0.5305084745762711
1235,695,0.437246963562753
4532,1940,0.5719329214474845
2589,1185,0.5422943221320973
957,526,0.4503657262277951
2663,1361,0.4889222681186631
3025,1418,0.5312396694214876
2569,1268,0.5064227325807708
1377,769,0.4415395787944808
3447,1695,0.5082680591818973
8266,3642,0.5593999516090007
3267,1553,0.524640342822161
4658,2249,0.517174753112924
9423,4311,0.542502387774594
4441,2155,0.5147489304210764
2991,1368,0.5426278836509528
4338,2085,0.5193637621023512
9817,4116,0.5807273097687684
3597,1835,0.4898526549902696
2502,1229,0.508792965627498
3002,1589,0.4706862091938707
7496,3312,0.5581643543223052
28776,10325,0.6411940505977203
551,370,0.3284936479128857
2466,1198,0.5141930251419302
4827,2220,0.5400870105655686
5576,2764,0.5043041606886658
2129,1043,0.5100986378581494
4065,1656,0.592619926199262
6898,3480,0.4955059437518121
8624,3927,0.5446428571428572
836,502,0.3995215311004785
19198,6866,0.6423585790186478
2863,1277,0.5539643730352777
621,377,0.3929146537842189
1766,942,0.4665911664779162
7390,3628,0.509066305818674
2545,1258,0.5056974459724951
4641,2283,0.5080801551389786
6211,3151,0.492674287554339
3246,1598,0.507701786814541
1091,558,0.4885426214482127
6485,2732,0.5787201233616037
1048,597,0.4303435114503816
6335,3010,0.5248618784530387
6280,3153,0.4979299363057324
4352,2025,0.5346966911764706
10382,4379,0.5782122905027933
2203,1147,0.4793463458919654
2522,1338,0.4694686756542426
7301,3629,0.5029448020819065
603,394,0.3466003316749585
3487,1786,0.4878118726699169
984,594,0.3963414634146341
3515,1627,0.537126600284495
5439,2550,0.5311638168781025
5119,2645,0.4832975190466888
8180,3403,0.5839853300733496
3970,1301,0.6722921914357682
1806,968,0.4640088593576965
4094,1833,0.5522716170004885
10484,4840,0.5383441434566959
843,472,0.4400948991696323
1627,886,0.455439459127228
2632,1298,0.506838905775076
4500,1606,0.6431111111111112
1314,723,0.4497716894977168
7974,3615,0.5466516177577125
13611,5453,0.5993681581074131
6132,2644,0.5688193085453359
12210,4868,0.6013104013104014
2518,1127,0.5524225575853852
4987,2198,0.5592540605574494
4087,1937,0.5260582334230487
6755,2994,0.5567727609178386
747,466,0.3761713520749665
2112,1074,0.4914772727272727
4091,1845,0.5490100219995111
6855,3163,0.5385849744711889
1680,908,0.4595238095238095
17780,7734,0.5650168728908886
4068,1946,0.5216322517207472
2609,1328,0.4909927175162898
5878,2732,0.5352160598843143
2408,1181,0.5095514950166113
6042,2871,0.5248262164846078
12627,5617,0.5551595786806051
4933,2399,0.5136833569835799
4899,2211,0.548683404776485
1899,966,0.4913112164296999
5782,2471,0.572639225181598
5576,2764,0.5043041606886658
7897,3431,0.5655312143852096
9268,3951,0.5736944324557618
2335,1108,0.5254817987152034
4888,2363,0.5165711947626841
1167,614,0.4738646101113967
5170,2412,0.5334622823984526
5691,2756,0.5157265858372869
915,507,0.4459016393442623
8137,3434,0.5779771414526238
2443,1246,0.4899713467048711
6098,2938,0.5182026894063627
2488,1086,0.5635048231511254
30605,10789,0.6474759026302892
2011,946,0.529587270014918
4410,2121,0.519047619047619
7174,3287,0.5418176749372735
8246,4022,0.5122483628425903
5336,1999,0.6253748125937031
4345,1989,0.5422324510932106
1517,816,0.4620962425840474
3658,1690,0.5379989065062876
2551,1360,0.4668757350058801
2845,1149,0.5961335676625659
1039,593,0.4292589027911453
3375,1410,0.5822222222222222
2466,1408,0.4290348742903487
3755,1808,0.518508655126498
3541,1670,0.5283818130471618
1148,679,0.4085365853658537
616,377,0.387987012987013
7292,3263,0.5525233132199671
584,370,0.3664383561643836
27746,11023,0.6027175088301016
723,456,0.3692946058091286
696,425,0.389367816091954
2894,1398,0.5169315825846579
11450,4729,0.5869868995633187
771,480,0.377431906614786
3144,1602,0.4904580152671756
3215,1554,0.5166407465007776
2679,1163,0.5658827920865994
4772,2331,0.5115255658005029
2170,1048,0.5170506912442396
6469,3134,0.5155356314731798
1427,809,0.4330763840224246
7096,3472,0.5107102593010147
952,567,0.4044117647058823
5498,2396,0.5642051655147327
15050,5913,0.607109634551495
1393,727,0.4781048097631012
2644,1371,0.4814674735249622
3710,1772,0.5223719676549865
2014,1019,0.4940417080436942
4886,2401,0.5085959885386819
3511,1774,0.4947308459128453
12314,5811,0.5280980997238915
6303,2881,0.5429160717118833
4307,2170,0.4961690271650801
3672,1811,0.5068082788671024
5999,2879,0.520086681113519
19182,4354,0.7730163695130852
4822,2277,0.527789299046039
3645,1539,0.5777777777777777
9897,4653,0.5298575325856321
966,628,0.3498964803312629
6194,2823,0.5442363577655795
5978,2582,0.5680829708932753
2837,1512,0.4670426506873457
5262,2243,0.5737362219688331
2660,1366,0.4864661654135338
5061,2372,0.5313179213594151
6411,3203,0.5003899547652473
851,523,0.3854289071680375
619,376,0.3925686591276252
17252,7467,0.5671806167400881
4187,2045,0.5115834726534512
5838,2920,0.4998287084618019
8988,3923,0.5635291499777482
5105,2565,0.4975514201762977
3089,1389,0.5503399158303658
6305,3166,0.4978588421887391
29007,10408,0.6411900575723102
2671,1340,0.4983152377386747
10219,4251,0.5840101771210491
2668,1368,0.487256371814093
10313,4836,0.5310772811015223
3073,1521,0.5050439310120404
844,522,0.3815165876777251
2597,1279,0.5075086638428956
3621,1597,0.5589616128141397
2997,1508,0.4968301634968302
992,537,0.4586693548387096
6359,2905,0.5431671646485297
9452,4089,0.567393144308083
4117,1956,0.5248967694923488
3990,1628,0.5919799498746867
8899,3729,0.5809641532756489
3464,1644,0.5254041570438799
637,420,0.3406593406593406
3616,1616,0.5530973451327434
627,390,0.3779904306220095
2888,1432,0.5041551246537397
518,339,0.3455598455598455
3199,1660,0.4810878399499844
3496,1780,0.4908466819221968
4528,1624,0.6413427561837456
8315,3398,0.5913409500901985
6135,2682,0.5628361858190709
5019,2223,0.557083084279737
843,493,0.4151838671411625
2001,1007,0.4967516241879061
5141,2320,0.5487259288076249
4540,2285,0.4966960352422908
3566,1702,0.5227145260796411
753,485,0.3559096945551129
15177,6250,0.5881926599459708
4767,2165,0.5458359555275855
1964,979,0.5015274949083504
8165,3155,0.6135946111451316
2281,1177,0.4839982463831652
1065,620,0.4178403755868545
4027,1957,0.514030295505339
3692,1710,0.5368364030335862
1766,942,0.4665911664779162
1112,586,0.4730215827338129
11342,5220,0.539763710104038
2132,1037,0.5136022514071295
5697,2944,0.4832367912936633
1776,889,0.4994369369369369
9002,3992,0.5565429904465674
5135,2293,0.5534566699123662
1128,701,0.3785460992907801
11109,3256,0.7069043118192457
6883,2652,0.6147028911811709
1432,836,0.4162011173184358
6990,3189,0.5437768240343348
7644,3619,0.5265567765567766
840,532,0.3666666666666667
30605,10789,0.6474759026302892
9946,4490,0.5485622360748039
1512,832,0.4497354497354497
3071,1489,0.5151416476717682
706,461,0.3470254957507082
9105,4006,0.5600219659527732
3832,1958,0.4890396659707724
5340,2723,0.4900749063670412
2555,1357,0.4688845401174168
8018,3866,0.5178348715390372
5754,2326,0.5957594716718804
22958,8266,0.6399512152626535
7901,3709,0.5305657511707379
2971,1537,0.4826657691013126
2172,1032,0.5248618784530387
8244,3905,0.5263221737020864
3603,1680,0.533721898417985
23770,9619,0.595330248212032
4033,1894,0.530374411108356
5303,2464,0.5353573448991137
869,489,0.4372842347525891
930,527,0.4333333333333333
2903,1543,0.4684808818463658
3836,1543,0.5977580813347236
6004,2893,0.5181545636242505
10529,3630,0.6552379143318454
2697,1228,0.5446792732665925
8108,3789,0.5326837691169215
3001,1533,0.4891702765744752
3983,1937,0.5136831534019584
8824,3946,0.5528105167724389
1170,800,0.3162393162393162
2681,1289,0.5192092502797463
4680,2091,0.5532051282051282
5949,2938,0.5061354849554547
5667,2839,0.4990294688547733
14079,6095,0.5670857305206336
2621,1333,0.4914154902708889
2475,1212,0.5103030303030303
29466,11004,0.6265526369374872
631,407,0.3549920760697306
4353,2064,0.5258442453480359
3694,1851,0.4989171629669734
2611,1149,0.5599387207966297
17067,6564,0.6153981367551415
6550,2696,0.5883969465648855
1989,912,0.5414781297134239
3820,1795,0.5301047120418848
10721,4037,0.6234493051021359
2961,1433,0.5160418777440055
4086,2049,0.4985315712187959
2170,1097,0.4944700460829493
1083,635,0.4136657433056325
2347,1279,0.4550489987217725
2179,1159,0.4681046351537402
4175,1760,0.578443113772455
4837,2483,0.486665288401902
1582,855,0.4595448798988621
5158,2675,0.4813881349360217
2379,1119,0.5296343001261035
2192,1094,0.5009124087591241
3503,1697,0.5155580930630888
1714,912,0.4679113185530922
5469,2682,0.5095995611629183
12461,5021,0.5970628360484712
3929,1833,0.533469076100789
1036,580,0.4401544401544401
11422,4985,0.5635615478900368
5958,2906,0.5122524337025848
8108,3531,0.5645041933892452
2626,1323,0.4961919268849961
5814,2772,0.5232198142414861
6332,2775,0.5617498420720152
3726,1699,0.5440150295222759
2704,1365,0.4951923076923077
5447,2713,0.5019276666054708
4321,2094,0.5153899560286971
2424,1146,0.5272277227722773
5773,2800,0.5149835440845314
1050,601,0.4276190476190475
3432,1563,0.5445804195804196
2678,1331,0.5029873039581778
4625,2318,0.4988108108108108
27169,10295,0.621075490448673
4315,1980,0.541135573580533
9337,3786,0.5945164399700118
3525,1688,0.5211347517730496
7535,3529,0.531652289316523
738,456,0.3821138211382113
1247,778,0.376102646351243
4009,1609,0.5986530306809679
2774,1406,0.4931506849315068
2743,1281,0.5329930732774335
4912,2387,0.5140472312703583
4960,2454,0.505241935483871
5664,2419,0.5729166666666667
3235,1666,0.4850077279752705
8894,4348,0.5111310996177199
2424,1247,0.4855610561056105
6928,2992,0.5681293302540416
4056,1488,0.6331360946745562
13152,5758,0.5621958637469586
4974,2288,0.5400080418174508
6539,3101,0.525768466126319
2674,1362,0.4906507105459985
2135,1111,0.4796252927400468
4518,1995,0.5584329349269588
5307,2795,0.4733371019408329
3635,1728,0.5246217331499312
5676,2217,0.6094080338266386
920,557,0.3945652173913043
7827,3702,0.5270218474511307
3838,1685,0.5609692548202189
3405,1658,0.5130690161527166
2794,1320,0.5275590551181102
1774,917,0.4830890642615558
5261,2370,0.5495153012735221
5958,2906,0.5122524337025848
4091,2050,0.4989000244439012
8855,4125,0.5341614906832298
5557,2393,0.5693719632895446
2472,1390,0.4377022653721683
3051,1371,0.5506391347099311
927,560,0.3959007551240561
1940,876,0.5484536082474227
3309,1690,0.4892716832880024
2863,1441,0.4966818023052741
561,371,0.338680926916221
3749,1951,0.4795945585489464
5633,2385,0.5766021658086278
7775,3570,0.5408360128617363
4405,2144,0.5132803632236096
6726,3085,0.5413321439191199
1870,973,0.4796791443850268
18969,8496,0.5521113395540092
2823,1534,0.4566064470421537
16191,7032,0.5656846396146007
2454,1199,0.5114099429502852
560,358,0.3607142857142857
13417,5953,0.556309160020869
564,359,0.3634751773049646
5891,2792,0.5260566966559158
2907,1410,0.5149638802889577
5258,2457,0.5327120578166603
4538,2304,0.4922873512560599
7786,3277,0.5791163627022862
3755,1808,0.518508655126498
9429,4454,0.5276275320818751
4297,1965,0.5427042122410984
8175,4030,0.5070336391437309
1787,897,0.4980414101846671
1928,999,0.4818464730290456
3405,1604,0.5289280469897211
2428,1229,0.4938220757825371
5236,2243,0.5716195569136746
3006,1511,0.4973386560212908
16484,7227,0.5615748604707596
994,556,0.4406438631790744
10031,4444,0.556973382514206
8476,3123,0.6315478999528079
5594,2611,0.5332499106185198
5645,2479,0.5608503100088573
6710,2860,0.5737704918032787
13603,5720,0.5795045210615306
24327,9181,0.622600402844576
883,536,0.3929784824462061
3836,1841,0.5200729927007299
11671,5098,0.5631908148402023
3692,1603,0.5658179848320694
697,458,0.3428981348637016
1743,964,0.4469305794606999
4424,2058,0.5348101265822784
3661,1595,0.5643266866976235
4933,2230,0.5479424285424691
3195,1536,0.5192488262910798
7696,3491,0.5463877338877339
8149,3469,0.5743035955331943
11191,4576,0.591099991064248
2179,1112,0.4896741624598439
7567,3463,0.542354962336461
1396,749,0.4634670487106017
6339,2791,0.5597097333964347
4244,1917,0.5483034872761545
2674,1377,0.4850411368735976
8030,3674,0.5424657534246575
5511,2059,0.6263835964434767
6499,2954,0.545468533620557
14902,6269,0.5793182123204939
3622,1714,0.5267807840971839
5466,2635,0.517929015733626
3348,1278,0.6182795698924731
2954,1451,0.5088016249153691
5938,2874,0.515998652745032
4863,2169,0.553979025293029
3266,1691,0.4822412737293325
864,552,0.3611111111111111
5683,2485,0.5627309519619919
3648,1599,0.5616776315789473
556,342,0.3848920863309353
2215,1162,0.4753950338600451
2867,1441,0.4973840251133589
5047,2427,0.5191202694670101
1052,620,0.4106463878326996
4468,2095,0.5311101163831692
4667,2143,0.5408185129633598
2780,1318,0.5258992805755396
979,563,0.424923391215526
532,359,0.325187969924812
3892,1804,0.5364850976361768
5312,2037,0.6165286144578312
3948,1821,0.5387537993920972
10172,4528,0.5548564687377113
3522,1724,0.5105053946621239
10278,4407,0.5712200817279627
3339,1413,0.5768194070080863
5013,2239,0.5533612607221225
5569,2622,0.5291793858861555
781,485,0.3790012804097311
6717,3189,0.5252344796784278
4053,1765,0.5645201085615593
7301,3629,0.5029448020819065
6189,2676,0.5676199709161416
6101,2867,0.5300770365513849
4397,2154,0.5101205367295883
616,401,0.349025974025974
6325,2917,0.5388142292490119
635,386,0.3921259842519685
4027,2043,0.4926744474795133
5311,2491,0.5309734513274336
1175,697,0.4068085106382979
5410,2729,0.4955637707948244
4946,2275,0.5400323493732309
6901,3102,0.5504999275467324
7382,2868,0.6114874017881333
6861,3292,0.520186561725696
3976,2025,0.4906941649899397
3583,1796,0.498744069215741
874,501,0.4267734553775744
5444,2610,0.5205731080088171
16135,5451,0.6621629996901146
3757,1914,0.4905509715198296
3538,1638,0.5370265686828717
6676,2501,0.6253744757339724
5168,2023,0.6085526315789473
4773,2253,0.5279698302954117
6905,3371,0.5118030412744388
8695,4180,0.5192639447958597
7138,3332,0.5332025777528719
9112,4145,0.5451053555750658
11515,4829,0.5806339557099436
3415,1265,0.6295754026354319
25311,10308,0.5927462368140335
1776,944,0.4684684684684684
18668,8071,0.5676558817227341
3097,1666,0.462060058120762
3426,1701,0.5035026269702276
5349,2619,0.5103757711721817
6696,3268,0.51194743130227
2156,1183,0.4512987012987013
3475,1469,0.5772661870503597
907,552,0.3914002205071665
6271,2467,0.6066018178918833
6654,3365,0.4942891493838293
8375,3598,0.5703880597014925
1031,603,0.4151309408341416
3226,1542,0.5220086794792312
764,464,0.3926701570680628
6197,2704,0.5636598354042279
6328,2686,0.5755372945638433
5911,2711,0.5413635594654035
507,345,0.3195266272189349
647,413,0.3616692426584235
4737,2494,0.4735064386742664
2918,1494,0.4880054832076764
3537,1725,0.5122985581000848
3742,1837,0.5090860502405131
5464,2718,0.502562225475842
2918,1245,0.5733379026730637
5467,2686,0.5086884946039876
4386,1969,0.5510715914272686
3808,1980,0.4800420168067226
2258,1128,0.5004428697962799
2622,1259,0.5198321891685735
6296,2955,0.5306543837357052
8849,3833,0.5668437111538027
5350,2624,0.5095327102803738
4442,2162,0.5132823052678974
633,399,0.3696682464454977
20726,6450,0.6887966804979253
834,516,0.3812949640287769
4040,2001,0.5047029702970297
5894,2735,0.5359687818120122
3262,1382,0.5763335377069283
5232,2167,0.5858180428134556
4016,1932,0.5189243027888446
4251,2144,0.4956480828040461
864,530,0.386574074074074
7020,2600,0.6296296296296297
3784,1848,0.5116279069767442
3533,1719,0.5134446645909991
8698,4011,0.5388595079328582
731,442,0.3953488372093023
3137,1461,0.5342684093082564
1482,821,0.4460188933873145
5549,2769,0.5009911695801046
2284,1233,0.4601576182136602
2235,1149,0.4859060402684564
4358,2096,0.5190454336851766
6099,2760,0.5474667978357108
2539,1239,0.5120126033871604
775,490,0.367741935483871
908,534,0.4118942731277533
1977,1008,0.4901365705614567
4917,2451,0.5015253203172666
6973,3408,0.5112577083034562
7961,3646,0.5420173345057153
4594,2108,0.541140618197649
4276,1933,0.5479420018709074
3475,1547,0.5548201438848921
3814,1755,0.5398531725222864
3984,1495,0.6247489959839357
5618,2533,0.5491278034887861
5338,2475,0.5363431997002623
3865,1913,0.5050452781371281
8670,3858,0.5550173010380623
9176,3725,0.5940496948561464
2972,1379,0.5360026917900405
1137,629,0.4467897977132805
2649,1192,0.5500188750471876
6934,3009,0.5660513412171906
5219,2689,0.4847671967809925
14183,5095,0.6407671155608827
4207,1802,0.5716662705015451
5476,2570,0.5306793279766253
2290,1162,0.4925764192139737
4053,1977,0.5122131754256107
629,403,0.3593004769475357
5048,2523,0.5001980982567353
4187,1869,0.5536183424886554
5238,2410,0.5399007254677357
10475,5041,0.5187589498806683
5782,2269,0.6075752334832238
2951,1441,0.5116909522195866
3525,1629,0.5378723404255319
11456,5455,0.5238303072625698
672,415,0.3824404761904761
3436,1750,0.4906868451688009
8826,3834,0.5656016315431679
3285,1565,0.5235920852359208
13983,6319,0.5480941142816277
5474,2637,0.5182681768359518
2218,1092,0.5076645626690712
30605,10789,0.6474759026302892
7482,3593,0.5197808072707832
754,479,0.3647214854111406
6651,2991,0.5502931889941363
1235,695,0.437246963562753
6488,2633,0.594173859432799
6528,2976,0.5441176470588236
12943,5033,0.6111411573823688
10137,3927,0.6126072802604321
2229,1255,0.4369672498878421
3532,1836,0.4801812004530011
714,421,0.4103641456582633
27746,11023,0.6027175088301016
21010,5269,0.7492146596858639
2734,1425,0.4787856620336503
4533,2081,0.5409221266269579
882,476,0.4603174603174603
3664,1763,0.5188318777292577
5261,2014,0.6171830450484699
5048,2398,0.5249603803486529
3207,1595,0.5026504521359526
3024,1575,0.4791666666666666
4226,2031,0.5194036914339801
520,328,0.3692307692307692
3368,1637,0.5139548693586699
2365,1181,0.5006342494714588
2786,1252,0.5506101938262742
914,548,0.4004376367614879
2406,1302,0.4588528678304239
3400,1766,0.4805882352941176
2436,1167,0.520935960591133
1421,752,0.4707952146375791
2845,1376,0.5163444639718805
6839,2949,0.5687966076911829
10687,4939,0.5378497239636941
3282,1343,0.5907982937233394
2989,1414,0.5269320843091334
2547,1149,0.5488810365135454
1064,584,0.4511278195488721
10397,4551,0.5622775800711743
7976,3260,0.5912738214643931
2319,1233,0.4683053040103493
2113,1083,0.4874585896829153
587,395,0.3270868824531516
6220,2758,0.5565916398713826
7414,3472,0.5316967898570273
4428,2050,0.537037037037037
693,431,0.3780663780663781
6025,2926,0.514356846473029
822,501,0.3905109489051095
858,457,0.4673659673659673
3979,1935,0.513696908771048
3415,1522,0.5543191800878478
1644,871,0.4701946472019465
557,382,0.3141831238779174
6813,3318,0.5129898723029502
4435,2184,0.507553551296505
2381,1232,0.4825703485930281
2186,1058,0.5160109789569991
4645,2282,0.508719052744887
2202,1037,0.5290644868301544
6085,2893,0.5245686113393591
3155,1632,0.4827258320126782
5015,2462,0.5090727816550349
2660,1164,0.562406015037594
572,358,0.3741258741258741
1794,983,0.4520624303232998
3437,1495,0.5650276403840558
2246,1115,0.5035618878005343
8559,3335,0.6103516765977334
6575,3065,0.5338403041825095
4950,2439,0.5072727272727273
5255,2418,0.5398667935299715
2398,1231,0.4866555462885737
3164,1598,0.4949431099873578
6160,2784,0.5480519480519481
5203,2286,0.5606380934076494
7571,3340,0.5588429533747193
604,393,0.3493377483443708
954,534,0.440251572327044
6509,2604,0.5999385466277463
12436,5837,0.5306368607269218
505,333,0.3405940594059405
5670,2781,0.5095238095238095
11211,4891,0.5637320488805637
3827,1382,0.6388816305199896
5338,2475,0.5363431997002623
3424,1652,0.5175233644859814
2856,1355,0.5255602240896359
2410,1245,0.4834024896265559
2779,1282,0.5386829794890249
757,457,0.3963011889035667
1356,755,0.4432153392330383
918,531,0.4215686274509803
5002,2435,0.5131947221111555
2256,1088,0.5177304964539007
776,480,0.3814432989690721
1836,977,0.4678649237472767
4638,2123,0.5422595946528677
6218,3055,0.5086844644580251
5628,2787,0.5047974413646055
2600,1360,0.4769230769230769
7339,3077,0.5807330699005314
4276,1907,0.5540224508886811
6039,2739,0.5464480874316939
5135,2419,0.5289191820837391
13029,5075,0.6104843042443779
3952,1741,0.5594635627530364
3345,1681,0.4974588938714499
1129,641,0.4322409211691762
6000,2258,0.6236666666666666
2530,1194,0.5280632411067194
4993,2456,0.5081113558982575
29466,11004,0.6265526369374872
907,515,0.4321940463065049
3821,1700,0.5550902904998691
6093,2950,0.5158378467093385
4642,2411,0.480611805256355
4993,2327,0.533947526537152
3700,1738,0.5302702702702703
7679,3573,0.5347050397187134
7014,3074,0.5617336755061306
3865,1767,0.5428201811125486
2310,1086,0.5298701298701298
26264,9846,0.6251142247943954
4678,2060,0.559640872167593
2757,1411,0.4882118244468625
4814,2350,0.5118404653095139
831,493,0.4067388688327317
3109,1579,0.4921196526214216
6069,2376,0.6085022244191794
1259,671,0.4670373312152501
8967,4018,0.5519125683060109
4264,1984,0.5347091932457786
1019,599,0.4121687929342492
10192,4708,0.5380690737833596
4857,2435,0.4986617253448631
5542,2703,0.5122699386503067
5952,2726,0.542002688172043
5628,2787,0.5047974413646055
5722,2694,0.529185599440755
4025,1996,0.5040993788819876
6734,3183,0.5273240273240274
4404,1969,0.5529064486830154
3087,1365,0.5578231292517006
7567,3425,0.54737676754328
589,385,0.3463497453310696
7130,2768,0.611781206171108
12239,5133,0.5806029904403955
7877,3924,0.5018408023359147
4812,1808,0.6242726517040731
3284,1696,0.4835566382460414
705,434,0.3843971631205674
2311,1179,0.4898312418866292
7098,3302,0.5347985347985348
3829,1433,0.6257508487855836
3455,1612,0.5334298118668597
4707,2191,0.5345230507754408
2299,1052,0.5424097433666812
13856,5040,0.6362586605080831
6375,3049,0.5217254901960784
6000,2790,0.5349999999999999
4532,2083,0.5403795233892321
5654,2480,0.5613724796604174
3104,1573,0.4932345360824742
12250,5294,0.5678367346938775
9255,3832,0.5859535386277688
3014,1354,0.5507631055076311
5221,2643,0.4937751388622869
11045,5218,0.5275690357627886
5477,2843,0.4809202117947782
3069,1509,0.5083088954056696
6204,2869,0.5375564152159897
5307,2238,0.5782928208027134
3951,1797,0.5451784358390281
651,405,0.3778801843317972
3250,1647,0.4932307692307692
12363,5139,0.5843241931570007
507,328,0.3530571992110454
8235,3625,0.5598057073466909
3945,1992,0.4950570342205322
718,445,0.3802228412256268
4191,1895,0.5478406108327368
3174,1516,0.5223692501575299
5685,2741,0.517854001759015
5712,2614,0.5423669467787116
4350,1722,0.6041379310344828
4516,2263,0.4988928255093002
4929,2496,0.4936092513694461
3501,1727,0.5067123678948872
732,482,0.3415300546448088
4326,2030,0.5307443365695793
7331,2631,0.6411130814350021
2789,1401,0.497669415561133
23217,10566,0.5449024421759917
3026,1487,0.5085922009253139
7099,3256,0.5413438512466544
7075,2915,0.5879858657243816
10677,4764,0.5538072492273111
4520,2009,0.5555309734513274
2342,1050,0.5516652433817251
2898,1421,0.5096618357487923
3619,1786,0.5064935064935066
3408,1727,0.4932511737089202
5020,2276,0.546613545816733
4431,2067,0.5335138794854435
3317,1530,0.5387398251432016
3129,1680,0.4630872483221476
3802,1835,0.5173592845870594
6801,2937,0.5681517423908249
2825,1337,0.5267256637168142
4450,1977,0.5557303370786517
3588,1704,0.5250836120401338
4437,2068,0.5339193148523778
5553,2683,0.516837745362867
13774,6205,0.54951357630318
5544,2720,0.5093795093795094
7308,2222,0.6959496442255063
2103,1052,0.4997622444127437
4573,2094,0.5420949048764487
3216,1463,0.5450870646766169
1095,608,0.4447488584474885
7367,3094,0.5800190036649926
8512,3865,0.5459351503759399
11950,5113,0.5721338912133891
2251,1112,0.505997334517992
5328,2598,0.5123873873873874
4243,2095,0.5062455809568701
5129,2487,0.5151101579255215
3897,2030,0.479086476777008
2007,1059,0.4723467862481315
4020,2118,0.4731343283582089
10352,4578,0.5577666151468315
3316,1652,0.5018094089264173
7328,3328,0.5458515283842795
5981,2799,0.5320180571810734
548,344,0.3722627737226277
3035,1496,0.5070840197693576
2336,1174,0.497431506849315
4801,2163,0.5494688606540303
6070,2766,0.5443163097199342
2563,1334,0.4795161919625439
5219,2520,0.5171488790956122
4822,2277,0.527789299046039
4617,2230,0.5170023824994585
4368,2069,0.5263278388278388
8368,3958,0.5270076481835564
11142,4499,0.5962125291689104
5407,2497,0.5381912335860921
2387,1214,0.4914118139924591
2610,1064,0.5923371647509579
542,365,0.3265682656826568
597,373,0.3752093802345059
4085,1891,0.5370869033047736
804,503,0.3743781094527363
6061,2965,0.5108067975581587
3770,1819,0.5175066312997347
17465,5387,0.691554537646722
548,365,0.333941605839416
1021,599,0.4133202742409402
30605,10789,0.6474759026302892
6403,2306,0.6398563173512416
10237,4150,0.5946077952525154
3697,1741,0.5290776305112252
7644,3619,0.5265567765567766
2812,1464,0.4793741109530584
520,341,0.3442307692307692
3225,1505,0.5333333333333333
908,551,0.3931718061674009
4451,2074,0.5340372949898899
1589,1003,0.368785399622404
1418,707,0.501410437235543
6113,2982,0.5121871421560609
3128,1574,0.4968030690537084
5108,2313,0.5471808927173062
5835,2723,0.5333333333333333
5016,2071,0.5871212121212122
5829,2754,0.5275347400926402
24327,9181,0.622600402844576
635,388,0.3889763779527558
802,503,0.3728179551122195
4062,1921,0.5270802560315115
10830,4793,0.5574330563250232
9102,4053,0.554713249835201
760,486,0.3605263157894737
6792,3210,0.5273851590106007
5206,2406,0.5378409527468306
552,373,0.3242753623188406
2779,1337,0.5188916876574308
7364,2681,0.6359315589353612
5566,2536,0.5443765720445563
8888,3947,0.5559180918091808
7982,3805,0.5233024304685543
3300,1593,0.5172727272727273
4048,1863,0.5397727272727273
1032,594,0.4244186046511627
4257,1935,0.5454545454545454
3580,1492,0.5832402234636871
3393,1691,0.5016209843796051
7178,3341,0.5345500139314572
4165,1991,0.5219687875150061
5361,2685,0.4991606043648573
6693,2968,0.5565516210966681
885,559,0.3683615819209039
665,420,0.368421052631579
4641,2283,0.5080801551389786
8996,3876,0.5691418408181415
9763,4310,0.5585373348356037
7919,3647,0.5394620532895568
731,474,0.3515731874145007
4576,2092,0.5428321678321678
6825,3229,0.5268864468864469
3347,1564,0.5327158649536898
9817,4116,0.5807273097687684
927,596,0.3570658036677454
4460,2090,0.531390134529148
2873,1510,0.4744169857292029
7447,3459,0.5355176581173626
1041,592,0.4313160422670509
6344,2993,0.5282156368221942
19060,7622,0.6001049317943337
4197,2152,0.4872527996187753
4041,1824,0.5486265775798069
973,545,0.4398766700924974
2698,1257,0.5340993328391401
1796,1002,0.4420935412026726
6066,3040,0.498846027035938
830,527,0.3650602409638555
6419,2642,0.5884094095653529
8906,3903,0.5617561194700202
2741,1335,0.5129514775629332
7197,3327,0.5377240516882034
3126,1573,0.4968010236724248
2865,1467,0.487958115183246
951,549,0.4227129337539432
4452,1893,0.5747978436657681
3496,1600,0.5423340961098397
5492,2045,0.6276402039329935
5775,2870,0.503030303030303
8973,4065,0.5469742561016382
5348,2459,0.5402019446522064
2876,1413,0.508692628650904
1033,550,0.4675701839303001
8905,3669,0.5879842784952274
3185,1478,0.535949764521193
10499,4794,0.5433850842937422
4079,1839,0.5491542044618779
3984,1830,0.5406626506024097
3118,1455,0.5333547145606158
4590,1908,0.584313725490196
949,494,0.4794520547945206
5844,2349,0.5980492813141685
6977,2825,0.5950981797334098
5761,2536,0.5597986460683909
787,494,0.3722998729351969
4279,1617,0.6221079691516709
3865,1702,0.5596377749029754
4876,2023,0.5851107465135357
4023,1892,0.5297042008451405
3748,1482,0.604589114194237
6531,2869,0.5607104578165671
3484,1621,0.5347301951779564
1545,884,0.427831715210356
3027,1534,0.493227618103733
5750,2798,0.5133913043478261
2552,1278,0.4992163009404389
1304,684,0.4754601226993865
1454,772,0.469050894085282
2735,1394,0.4903107861060329
6395,2864,0.5521501172791243
1756,850,0.5159453302961275
3948,1788,0.547112462006079
5416,2612,0.517725258493353
772,493,0.3613989637305699
20751,8381,0.5961158498385619
7731,3464,0.5519337731212004
2845,1149,0.5961335676625659
2064,879,0.5741279069767442
1065,595,0.4413145539906103
3362,1465,0.5642474717430102
3073,1529,0.5024406117800195
680,400,0.4117647058823529
767,476,0.3794002607561929
2394,1278,0.4661654135338345
859,532,0.380675203725262
4750,1935,0.5926315789473684
3530,1801,0.4898016997167138
771,461,0.4020752269779507
7335,3714,0.4936605316973415
4920,2508,0.4902439024390244
5800,2580,0.5551724137931034
7451,3414,0.5418064689303449
6257,2967,0.5258110915774332
2677,1241,0.5364213672020919
1870,1103,0.4101604278074866
9930,4559,0.5408862034239678
6785,3271,0.5179071481208548
2804,1402,0.5
8649,4187,0.515897791652214
4851,2406,0.5040197897340755
10497,4888,0.5343431456606649
17252,7467,0.5671806167400881
1133,635,0.439541041482789
5740,2665,0.5357142857142857
1628,922,0.4336609336609336
10465,5048,0.5176301958910654
3297,1689,0.4877161055505005
3865,1684,0.5642949547218629
2365,1269,0.4634249471458773
8430,3622,0.570344009489917
6837,2635,0.614597045487787
772,472,0.3886010362694301
3155,1564,0.5042789223454833
808,507,0.3725247524752475
1000,569,0.431
2272,1257,0.4467429577464789
16130,6156,0.6183508989460632
6553,2996,0.5428048222188311
1011,559,0.447082096933729
1466,747,0.490450204638472
4914,2213,0.5496540496540496
11396,5045,0.5573008073008072
6731,2619,0.6109047689793492
5595,2756,0.5074173369079535
2494,1302,0.4779470729751404
3957,1697,0.5711397523376296
4191,2012,0.5199236459078979
1078,592,0.4508348794063079
4314,2032,0.5289754288363469
6260,2848,0.5450479233226837
7387,3722,0.4961418708542033
4617,2262,0.5100714749837557
3141,1281,0.5921680993314231
3678,1720,0.5323545405111474
807,490,0.392812887236679
4792,2346,0.5104340567612689
12595,5215,0.5859468042874156
5662,2693,0.5243730130695867
4853,2064,0.5746960642901298
3163,1451,0.5412582990831489
5302,2321,0.5622406639004149
803,495,0.3835616438356164
1042,630,0.3953934740882917
2351,1216,0.4827732879625691
8991,3620,0.5973751529307085
20151,7859,0.6099945412138356
616,430,0.3019480519480519
3632,1818,0.4994493392070485
3810,1746,0.5417322834645669
3533,1719,0.5134446645909991
3639,1907,0.4759549326738115
17307,4770,0.7243889755590224
4341,2039,0.5302925593181295
2220,1201,0.459009009009009
3367,1609,0.5221265221265221
2441,1261,0.4834084391642769
3756,1934,0.4850905218317358
8817,4151,0.5292049449926279
8494,3678,0.5669884624440782
3774,1749,0.5365659777424483
2631,1397,0.4690231851007221
4595,2291,0.5014145810663765
2367,1222,0.4837346852555978
18400,7789,0.5766847826086956
8212,3743,0.5442036044812469
1716,979,0.4294871794871795
12966,5183,0.6002622242788833
2661,1381,0.4810221721157459
2903,1373,0.5270409920771615
2504,1226,0.5103833865814696
704,446,0.3664772727272727
27145,8189,0.6983238165407994
3483,1649,0.5265575653172552
10190,4350,0.5731108930323847
8161,3767,0.5384144099987747
575,373,0.351304347826087
4995,2417,0.5161161161161161
6063,3042,0.4982681840672934
856,509,0.4053738317757009
24327,9181,0.622600402844576
10078,4444,0.5590394919626911
3467,1526,0.5598500144216902
6004,2816,0.5309793471019321
4850,2472,0.4903092783505154
2684,1323,0.5070789865871833
5276,2566,0.5136467020470052
2364,1275,0.4606598984771574
2857,1324,0.5365768288414421
1518,858,0.4347826086956522
4176,2026,0.5148467432950192
5940,2219,0.6264309764309764
14669,5764,0.6070625127820575
3661,1869,0.4894837476099426
2717,1111,0.5910931174089069
7429,3326,0.5522950599003904
6621,2585,0.6095755928107537
7593,3258,0.570920584749111
6081,2977,0.5104423614537082
6809,2912,0.572330738728154
2496,1158,0.5360576923076923
6127,2722,0.5557369022360046
2748,1315,0.5214701601164483
7706,3695,0.5205035037633013
6252,2660,0.5745361484325016
9030,3849,0.5737541528239203
4319,1806,0.5818476499189627
552,351,0.3641304347826086
4438,2203,0.5036052275799909
3877,1920,0.5047717307196286
4358,1960,0.5502524093620926
3647,1799,0.506717850287908
9544,4210,0.5588851634534786
914,554,0.3938730853391685
3014,1457,0.5165892501658925
2286,1116,0.5118110236220472
3195,1547,0.5158059467918623
994,611,0.3853118712273642
3104,1610,0.4813144329896907
1252,673,0.4624600638977636
2397,1217,0.4922820191906549
4980,2198,0.5586345381526104
5328,2598,0.5123873873873874
8454,3763,0.554885261414715
3321,1562,0.5296597410418549
2052,1065,0.4809941520467836
780,508,0.3487179487179487
2161,1201,0.4442387783433595
1449,838,0.4216701173222912
6333,2883,0.5447655139744196
1972,992,0.4969574036511156
3527,1553,0.5596824496739439
5097,2300,0.5487541691190896
6141,2395,0.6099983716007165
1573,874,0.4443738080101717
809,486,0.3992583436341161
4062,1824,0.55096011816839
885,533,0.3977401129943503
3149,1474,0.5319148936170213
4252,1707,0.5985418626528692
2499,1178,0.5286114445778312
2614,1392,0.4674827850038255
3866,1867,0.5170719089498189
3270,1604,0.509480122324159
2408,1165,0.5161960132890365
14409,6259,0.565618710528142
6112,2497,0.5914594240837696
6459,2688,0.5838365071992568
7246,3154,0.5647253657190174
2877,1419,0.5067778936392076
11950,5113,0.5721338912133891
5509,2481,0.5496460337629334
679,430,0.3667157584683358
5020,1901,0.6213147410358566
2220,1201,0.459009009009009
7196,3374,0.5311284046692607
3980,1745,0.5615577889447236
4955,2330,0.5297679112008072
2121,964,0.5454974068835454
2878,1421,0.5062543432939541
16428,6792,0.5865595325054784
3295,1617,0.5092564491654021
2919,1383,0.526207605344296
1836,1028,0.4400871459694989
9010,3782,0.5802441731409544
2764,1404,0.492040520984081
905,525,0.419889502762431
880,529,0.3988636363636363
7841,3636,0.5362836372911619
2161,1201,0.4442387783433595
5523,2692,0.5125837407206228
3385,1779,0.4744460856720827
3422,1562,0.54354178842782
5445,2484,0.543801652892562
12520,5213,0.583626198083067
5141,2208,0.5705115736238087
2586,1251,0.5162412993039442
4845,2471,0.4899896800825594
8899,3828,0.5698393077873918
3484,1654,0.5252583237657864
3595,1724,0.5204450625869264
636,399,0.3726415094339622
918,552,0.3986928104575163
6636,2602,0.6078963230861965
564,350,0.3794326241134752
5604,2391,0.5733404710920771
8638,3705,0.5710812688122251
7728,3357,0.5656055900621118
6482,2522,0.6109225547670472
2692,1276,0.5260029717682021
6063,3042,0.4982681840672934
3401,1625,0.522199353131432
4068,1946,0.5216322517207472
6485,2732,0.5787201233616037
5722,2694,0.529185599440755
3054,1613,0.4718402095612312
4276,1730,0.5954162768942937
3283,1614,0.5083764849223271
2035,926,0.5449631449631449
3916,1526,0.6103166496424923
980,594,0.3938775510204081
3429,1625,0.52610090405366
11033,4899,0.5559684582615789
6946,2695,0.6120069104520587
10504,4286,0.591964965727342
18657,7527,0.596558932304229
2545,1190,0.5324165029469548
5506,2663,0.5163458045768252
5814,2772,0.5232198142414861
6446,2826,0.5615885820663977
5135,2293,0.5534566699123662
1188,682,0.4259259259259259
31657,9380,0.7036990239125628
636,403,0.3663522012578616
6144,2772,0.548828125
1609,863,0.4636420136730889
7298,3027,0.5852288298163881
3726,1561,0.581052066559313
556,374,0.3273381294964028
3148,1516,0.5184243964421855
4358,1960,0.5502524093620926
8055,3751,0.5343265052762259
8145,3228,0.6036832412523021
3819,1685,0.5587850222571353
925,526,0.4313513513513514
2870,1381,0.518815331010453
5089,2036,0.5999213990960897
6477,3074,0.5253975605990427
3073,1305,0.5753335502766026
2507,1106,0.5588352612684484
4695,2165,0.5388711395101171
3041,1461,0.5195659322591253
4582,2179,0.524443474465299
3657,1757,0.5195515449822259
2129,1059,0.5025833724753406
3614,1706,0.5279468732706143
3382,1622,0.5204021289178001
7442,2941,0.6048105348024724
2848,1378,0.5161516853932584
10917,5203,0.5234038655308235
4812,1669,0.6531587697423109
7739,3710,0.5206098979196279
4044,2156,0.466864490603363
3154,1594,0.4946100190234622
2524,1287,0.4900950871632329
2354,1271,0.4600679694137638
1064,587,0.4483082706766917
3923,1879,0.5210298241141983
4672,2272,0.5136986301369864
3166,1615,0.4898926089703095
5657,2419,0.5723881916210005
2575,1305,0.4932038834951456
3187,1620,0.4916849701914025
3985,1986,0.5016311166875784
4867,2380,0.5109923977809738
6938,3449,0.5028826751225137
3678,1677,0.5440456769983687
9155,4241,0.5367558711086837
5610,2595,0.5374331550802138
19060,7622,0.6001049317943337
10529,3630,0.6552379143318454
820,496,0.3951219512195122
671,433,0.3546944858420268
5035,2164,0.5702085402184707
13528,5184,0.6167947959787108
4687,2062,0.5600597397055687
3034,1362,0.5510876730388925
2984,1430,0.5207774798927614
3983,1956,0.5089128797388902
3103,1476,0.5243312922977763
5653,2549,0.5490889793030249
3332,1625,0.5123049219687875
6353,2857,0.5502912010073981
8558,3904,0.5438186492171069
11689,4938,0.5775515441868424
3986,1932,0.5153035624686402
705,409,0.4198581560283688
3934,1815,0.5386375190645654
712,437,0.3862359550561798
6677,2537,0.6200389396435525
1907,1049,0.4499213424226533
3415,1590,0.5344070278184481
3424,1697,0.5043808411214954
4414,2191,0.5036248300860897
2916,1447,0.5037722908093278
4226,2031,0.5194036914339801
5076,2411,0.5250197005516155
3219,1517,0.5287356321839081
7929,3222,0.5936435868331442
952,554,0.4180672268907562
3125,1547,0.5049600000000001
4505,2123,0.5287458379578247
2485,1234,0.503420523138833
9456,3978,0.5793147208121827
4617,2230,0.5170023824994585
6819,3395,0.502126411497287
4230,2046,0.5163120567375887
3659,1607,0.5608089641978682
8211,3496,0.5742296918767507
2538,1279,0.4960598896769109
3758,1403,0.626663118680149
5727,2878,0.4974681334031779
2947,1478,0.4984730234136409
6448,3211,0.502016129032258
6375,3049,0.5217254901960784
936,539,0.4241452991452992
2539,1319,0.480504135486412
3148,1607,0.4895171537484116
5957,2765,0.535840188014101
945,536,0.4328042328042328
8679,3599,0.585320889503399
7156,3503,0.5104807154835103
1478,736,0.5020297699594046
5027,2334,0.5357071812214045
6655,3258,0.5104432757325319
3663,1600,0.5631995631995632
562,365,0.3505338078291815
856,506,0.4088785046728972
3113,1613,0.4818503051718599
2603,1335,0.4871302343449866
3122,1389,0.5550928891736067
2742,1356,0.5054704595185995
4724,2523,0.4659187129551227
916,594,0.3515283842794759
2748,1315,0.5214701601164483
9461,4180,0.5581862382412007
5509,1972,0.6420402976946814
6197,2999,0.5160561562046151
5293,2579,0.5127526922350274
6404,2767,0.5679262960649594
6652,3065,0.5392363199037884
976,568,0.4180327868852459
977,574,0.4124872057318322
2034,1044,0.4867256637168141
6571,2577,0.6078222492771268
9091,3694,0.5936640633593664
4243,2000,0.528635399481499
7592,3523,0.535958904109589
910,540,0.4065934065934066
8752,3583,0.5906078610603291
3487,1786,0.4878118726699169
8603,3834,0.5543415087760084
9998,3734,0.6265253050610122
6228,2746,0.5590879897238279
2876,1413,0.508692628650904
931,546,0.4135338345864662
14799,6076,0.5894317183593486
6374,3220,0.4948227172889865
19566,7584,0.6123888377798221
8810,3474,0.6056753688989784
3429,1565,0.5435987168270633
898,551,0.3864142538975501
8817,3843,0.5641374617216741
2442,1136,0.5348075348075347
4044,2051,0.4928288822947576
5078,1847,0.6362741236707365
10655,4266,0.5996245893946504
3012,1444,0.5205843293492696
730,468,0.358904109589041
2185,1203,0.4494279176201373
507,345,0.3195266272189349
1010,579,0.4267326732673268
4216,1843,0.5628557874762808
933,542,0.4190782422293676
3040,1502,0.5059210526315789
3276,1657,0.4942002442002442
5261,2547,0.5158715073180004
2428,1234,0.4917627677100494
7771,3667,0.5281173594132029
5127,2335,0.5445679734737663
8084,3205,0.6035378525482434
8038,3902,0.5145558596665838
5331,2713,0.4910898518101669
6380,2933,0.540282131661442
4880,2055,0.5788934426229508
3039,1441,0.5258308654162553
3129,1680,0.4630872483221476
839,479,0.4290822407628128
4818,2215,0.5402656704026567
27494,9750,0.6453771732014257
3356,1496,0.5542312276519666
2663,1402,0.4735260983852798
3773,1785,0.5269016697588127
6248,2941,0.5292893725992318
852,501,0.4119718309859155
3494,1781,0.4902690326273612
973,581,0.4028776978417266
2463,1241,0.4961429151441332
5803,2718,0.5316215750473893
5957,2752,0.5380224945442337
776,487,0.3724226804123711
8416,3621,0.5697480988593155
7250,3061,0.5777931034482758
6987,2850,0.592099613568055
4367,1579,0.638424547744447
6400,2924,0.5431250000000001
2191,1108,0.494294842537654
960,550,0.4270833333333333
6086,2855,0.5308905685179099
1836,1028,0.4400871459694989
9176,3725,0.5940496948561464
1571,845,0.4621260343730108
27258,10512,0.6143517499449702
4088,2172,0.4686888454011741
6350,2651,0.5825196850393701
4111,1886,0.541230844076867
1698,915,0.4611307420494699
6026,2827,0.53086624626618
4454,2117,0.5246969016614279
3358,1595,0.5250148898153664
5339,2436,0.5437347817943435
5331,2713,0.4910898518101669
11342,5071,0.5529007229765474
2555,1445,0.4344422700587084
752,485,0.3550531914893616
28471,10835,0.619437322187489
4216,1948,0.5379506641366224
1838,930,0.4940152339499456
4294,1994,0.5356311131811831
6539,2808,0.5705765407554673
1076,635,0.4098513011152416
6087,2945,0.5161820272712339
881,514,0.416572077185017
9796,3964,0.5953450387913435
6998,2710,0.6127464989997142
2313,1167,0.4954604409857328
4823,2327,0.5175202156334231
1019,574,0.436702649656526
2211,1137,0.485753052917232
563,380,0.325044404973357
930,509,0.4526881720430107
10830,4793,0.5574330563250232
3997,1862,0.5341506129597198
3876,1886,0.5134158926728587
6919,3176,0.5409741292094233
3431,1697,0.5053920139900904
5940,2681,0.5486531986531986
18400,7789,0.5766847826086956
5918,2736,0.5376816492058127
1969,1063,0.4601320467242255
2957,1401,0.5262089956036524
5313,2359,0.5559947299077734
30373,11628,0.6171599776116946
4134,1666,0.5970004837929366
11719,4634,0.604573769092926
3554,1855,0.4780528981429375
4646,1981,0.5736117089969867
4187,2045,0.5115834726534512
1066,629,0.4099437148217636
597,379,0.3651591289782244
3749,1394,0.6281675113363563
1620,850,0.4753086419753086
10596,5049,0.5234994337485843
2312,1130,0.5112456747404844
4023,1977,0.5085756897837435
2612,1303,0.5011485451761102
3063,1567,0.4884100555011427
2516,1301,0.4829093799682035
794,501,0.3690176322418136
5526,2615,0.5267824828085415
2436,1282,0.4737274220032841
6398,2825,0.5584557674273211
15116,6236,0.5874569992061391
3958,1839,0.5353713996968166
5684,2710,0.5232230823363828
5830,2511,0.5692967409948542
9621,3987,0.5855940130963517
6875,3443,0.4992
972,537,0.4475308641975308
7603,3613,0.5247928449296331
3242,1591,0.5092535471930907
4211,2035,0.5167418665400143
4006,2131,0.4680479281078382
5325,2714,0.4903286384976526
3475,1547,0.5548201438848921
5797,2730,0.5290667586682767
8809,4116,0.5327505959813827
5639,2583,0.5419400602943785
4198,1943,0.5371605526441162
7882,3299,0.5814514082720121
3270,1577,0.517737003058104
4606,2257,0.5099869735128093
1858,941,0.4935414424111948
8201,3464,0.5776124862821608
1098,653,0.4052823315118397
4443,2259,0.4915597569209993
9233,3942,0.5730531788151196
782,473,0.3951406649616368
2694,1408,0.4773570898292502
2719,1242,0.5432144170650974
6470,2721,0.5794435857805256
2438,1163,0.5229696472518457
8404,3675,0.5627082341742027
7249,3608,0.5022761760242792
2944,1440,0.5108695652173914
5449,2503,0.540649660488163
6411,3203,0.5003899547652473
4118,2013,0.5111704711024769
5848,2455,0.5801983584131327
8271,3676,0.5555555555555556
8187,3170,0.6128007817271284
4207,1802,0.5716662705015451
5007,2403,0.5200718993409227
4964,2279,0.540894439967768
5327,2775,0.4790688943119955
8844,4141,0.5317729534147444
2404,1184,0.5074875207986689
2873,1510,0.4744169857292029
3598,1776,0.5063924402445803
3136,1565,0.5009566326530612
619,405,0.345718901453958
3561,1855,0.4790789104184217
7008,2770,0.6047374429223744
6552,2853,0.5645604395604396
8084,3205,0.6035378525482434
3391,1488,0.5611913889708051
15077,4924,0.6734098295416859
5890,2479,0.5791171477079796
6592,3049,0.5374696601941747
6780,3188,0.5297935103244837
5090,2349,0.5385068762278978
5325,2714,0.4903286384976526
16954,6257,0.6309425504305768
2766,1374,0.5032537960954446
4361,2122,0.5134143545058473
898,483,0.4621380846325167
3342,1470,0.5601436265709157
3877,1920,0.5047717307196286
6288,2783,0.557410941475827
1205,678,0.4373443983402489
6925,3336,0.5182671480144405
2320,1157,0.5012931034482759
2595,1273,0.509441233140655
4742,2290,0.5170814002530577
901,457,0.4927857935627081
2221,971,0.5628095452498874
868,513,0.4089861751152074
29007,10408,0.6411900575723102
3566,1743,0.5112170499158721
6456,2906,0.5498760842627013
3191,1709,0.4644312127859605
8894,4271,0.5197886215426131
4700,2296,0.5114893617021277
2784,1255,0.5492097701149425
804,528,0.3432835820895522
3973,1732,0.5640573873647118
2743,1332,0.5144002916514765
5238,2500,0.5227185948835433
3993,1628,0.5922865013774105
2774,1414,0.4902667627974044
2580,1284,0.5023255813953489
821,497,0.3946406820950061
3207,1595,0.5026504521359526
5425,2037,0.6245161290322581
6214,3062,0.5072417122626327
1445,790,0.4532871972318338
1724,933,0.4588167053364269
4243,2095,0.5062455809568701
6830,3414,0.5001464128843338
10284,4765,0.5366588875923766
7473,3377,0.548106516793791
4868,2249,0.5380032867707477
2187,1033,0.5276634659350709
2676,1247,0.5340059790732437
4066,1818,0.5528775209050665
5320,2589,0.5133458646616542
4214,1734,0.588514475557665
6784,3117,0.5405365566037736
7882,3299,0.5814514082720121
9720,4450,0.5421810699588477
2208,1055,0.5221920289855073
1176,688,0.4149659863945578
2352,1115,0.5259353741496599
584,385,0.3407534246575342
2762,1378,0.501086169442433
681,424,0.3773861967694567
2540,1260,0.5039370078740157
2737,1228,0.5513335769090244
1503,819,0.4550898203592814
4996,2280,0.5436349079263411
7371,3389,0.5402252068918736
1967,932,0.5261820030503305
4477,1874,0.5814161268706723
3160,1556,0.5075949367088608
2473,1335,0.4601698342094622
625,393,0.3712
7335,3714,0.4936605316973415
4720,2204,0.5330508474576271
778,455,0.4151670951156813
5363,2641,0.5075517434271863
1119,593,0.4700625558534406
8293,3430,0.5863981671289039
1067,638,0.4020618556701031
3675,1897,0.4838095238095238
2444,1183,0.5159574468085106
3497,1797,0.4861309694023449
5276,2627,0.5020849128127369
6418,3066,0.5222810844499844
8319,3784,0.5451376367351846
6215,2928,0.5288817377312953
3071,1498,0.5122110061869098
6655,2961,0.5550713749060856
1053,591,0.4387464387464387
7037,3282,0.5336080716214295
2321,1071,0.5385609651012495
6897,3154,0.5426997245179064
3677,1668,0.5463693228175143
3661,1869,0.4894837476099426
5562,2745,0.506472491909385
3474,1712,0.5071963154864709
3911,1991,0.4909230375862951
6228,2746,0.5590879897238279
1564,831,0.4686700767263427
2265,1007,0.5554083885209713
7582,2549,0.6638090213663941
6768,2629,0.6115543735224587
12408,4360,0.6486137975499677
6299,2784,0.558025083346563
3113,1522,0.5110825570189528
3546,1864,0.4743372814438804
667,434,0.3493253373313343
2153,1063,0.506270320483047
4688,2138,0.5439419795221843
4922,2253,0.5422592442096709
1800,1026,0.43
2488,1086,0.5635048231511254
3423,1630,0.5238095238095238
1968,1058,0.4623983739837398
5755,2751,0.5219808861859253
7970,3728,0.532245922208281
9348,3825,0.5908215661103979
9181,4581,0.5010347456704063
2556,1260,0.5070422535211268
672,428,0.3630952380952381
937,562,0.4002134471718249
2674,1362,0.4906507105459985
2758,1324,0.5199419869470631
3379,1736,0.4862385321100917
16107,5154,0.6800149003538833
5644,2605,0.5384479092841956
817,494,0.3953488372093023
949,565,0.40463645943098
7141,3204,0.551323344069458
7838,3662,0.5327889767797908
878,522,0.4054669703872438
4218,2005,0.524656235182551
4612,2073,0.550520381613183
834,511,0.3872901678657074
3230,1629,0.4956656346749226
5793,2906,0.4983600897635076
2326,1222,0.4746345657781599
4858,2287,0.529230135858378
959,534,0.443169968717414
9544,4031,0.5776404023470243
3202,1427,0.5543410368519675
851,487,0.4277320799059929
4286,1858,0.5664955669622025
867,511,0.4106113033448674
5830,2663,0.5432246998284734
6824,3190,0.5325322391559203
3617,1559,0.5689798175283385
1480,817,0.447972972972973
761,476,0.3745072273324573
7998,3219,0.5975243810952738
2038,1100,0.4602551521099116
6269,2848,0.5457010687509969
8290,3801,0.5414957780458384
5662,2611,0.5388555280819498
3166,1549,0.5107391029690461
3969,1782,0.5510204081632653
12110,5714,0.5281585466556564
8472,3562,0.5795561850802644
681,426,0.3744493392070485
4883,2308,0.5273397501535941
7852,3235,0.588003056546103
5354,2295,0.5713485244676877
6418,3066,0.5222810844499844
14425,6943,0.518682842287695
3673,1663,0.547236591342227
2940,1417,0.5180272108843538
3124,1590,0.4910371318822023
3367,1618,0.5194535194535195
3769,1818,0.5176439373839214
4455,1848,0.5851851851851853
762,493,0.3530183727034121
1034,619,0.4013539651837524
4545,2144,0.5282728272827283
19060,7622,0.6001049317943337
6266,2839,0.546919885094159
548,364,0.3357664233576642
2287,1294,0.4341932662877131
834,469,0.4376498800959233
13303,5724,0.5697211155378485
7364,3421,0.5354426941879413
7862,3504,0.5543118799287713
7856,3483,0.5566446028513239
6344,2993,0.5282156368221942
4814,2337,0.5145409223099293
2812,1480,0.4736842105263158
865,532,0.3849710982658959
2203,1147,0.4793463458919654
2947,1472,0.5005089921954531
11677,4346,0.6278153635351547
3491,1657,0.5253509023202521
2707,1369,0.4942741041743628
1885,952,0.4949602122015915
5929,2572,0.5662000337325013
965,584,0.3948186528497409
2332,1039,0.554459691252144
5142,2421,0.529171528588098
1621,865,0.4663787785317705
2777,1378,0.5037810586964351
6032,2800,0.5358090185676392
2244,1249,0.4434046345811051
6189,2718,0.5608337372758119
11848,4633,0.6089635381498988
3141,1281,0.5921680993314231
7392,3178,0.5700757575757576
9865,4521,0.5417131272174354
5891,2792,0.5260566966559158
30605,10789,0.6474759026302892
1454,772,0.469050894085282
6114,2871,0.5304219823356231
7812,3623,0.536226318484383
4178,1396,0.665868836764002
11191,4576,0.591099991064248
3228,1276,0.6047087980173482
3921,1744,0.5552155062484061
2489,1151,0.5375652872639614
583,361,0.3807890222984562
3418,1518,0.5558806319485079
590,361,0.3881355932203389
10920,5261,0.5182234432234432
748,467,0.3756684491978609
23217,10566,0.5449024421759917
2314,1125,0.513828867761452
2510,1115,0.5557768924302788
13296,6041,0.5456528279181709
5937,2973,0.4992420414350682
4857,2435,0.4986617253448631
27003,9937,0.6320038514239159
3595,1720,0.521557719054242
4306,2086,0.515559684161635
536,360,0.3283582089552238
1917,905,0.5279081898800209
23212,10050,0.5670342926072721
8093,2751,0.6600766094155444
8134,4023,0.5054093926727317
704,459,0.3480113636363636
4035,1853,0.5407682775712516
2697,1228,0.5446792732665925
3723,1755,0.5286059629331185
1503,820,0.4544244843646041
25076,8716,0.6524166533737439
8843,4278,0.5162275245957254
7734,3593,0.5354279803465218
799,478,0.4017521902377973
4961,2323,0.531747631525902
4016,1925,0.5206673306772909
1731,946,0.4534950895436164
4246,1947,0.5414507772020725
6951,3223,0.5363257085311466
631,403,0.3613312202852615
2517,1250,0.5033770361541517
5823,2570,0.5586467456637472
4263,2102,0.5069200093830636
9851,4104,0.5833925489797991
845,503,0.4047337278106508
4627,2140,0.5374972984655284
745,462,0.3798657718120806
2686,1184,0.5591958302308265
2751,1375,0.500181752090149
1901,981,0.483955812730142
2715,1161,0.5723756906077349
2628,1290,0.5091324200913242
6067,3094,0.4900280204384374
11135,4762,0.5723394701392007
671,425,0.3666169895678092
12297,5006,0.5929088395543629
3541,1670,0.5283818130471618
2398,1231,0.4866555462885737
6121,2002,0.6729292599248489
12461,5021,0.5970628360484712
7294,3201,0.5611461475185084
997,581,0.4172517552657974
3522,1524,0.5672913117546848
763,452,0.4076015727391874
4814,2197,0.5436227669297882
2024,1029,0.491600790513834
3191,1709,0.4644312127859605
3039,1445,0.5245146429746628
512,340,0.3359375
3458,1646,0.5240023134759977
9147,3722,0.5930906308079151
722,438,0.3933518005540166
5724,2567,0.5515373864430468
8246,4022,0.5122483628425903
14374,6623,0.5392375121747599
3045,1499,0.5077175697865353
3221,1212,0.6237193418193108
7493,3535,0.5282263445882824
2375,1155,0.5136842105263157
531,330,0.3785310734463276
8778,4321,0.5077466393255867
7016,2631,0.625
5995,2265,0.622185154295246
4087,1937,0.5260582334230487
2466,1408,0.4290348742903487
2129,1043,0.5100986378581494
4456,2126,0.5228904847396769
8746,3700,0.5769494626114795
1533,853,0.4435746901500326
4763,2068,0.5658198614318707
3145,1560,0.5039745627980923
1536,835,0.4563802083333333
1757,956,0.4558907228229937
3119,1536,0.507534466175056
618,414,0.3300970873786407
23877,9430,0.6050592620513464
5874,2856,0.5137895812053115
3591,1787,0.5023670286828181
2143,1186,0.4465702286514232
909,479,0.4730473047304731
2587,1309,0.4940085040587553
16811,5912,0.6483255011599548
3902,1911,0.5102511532547411
5026,2281,0.5461599681655391
8843,3778,0.5727694221418071
2689,1283,0.5228709557456304
4751,2361,0.5030519890549359
3033,1549,0.4892845367622815
6523,3002,0.539782308753641
598,403,0.3260869565217391
896,559,0.3761160714285714
7534,3466,0.5399522166179984
7751,3321,0.5715391562379049
14647,6168,0.5788898750597392
10237,4150,0.5946077952525154
2438,1074,0.5594749794913864
3260,1532,0.5300613496932516
3772,1934,0.4872746553552491
839,479,0.4290822407628128
4545,2114,0.5348734873487349
6446,2826,0.5615885820663977
689,416,0.3962264150943396
7572,3372,0.554675118858954
916,479,0.4770742358078602
1402,746,0.4679029957203994
1053,578,0.4510921177587844
3153,1465,0.5353631462099588
19671,6878,0.6503482283564639
6772,3389,0.4995569994093325
985,546,0.4456852791878173
769,498,0.3524057217165149
2913,1133,0.6110538963268108
30605,10789,0.6474759026302892
5437,2473,0.5451535773404451
576,352,0.3888888888888888
744,454,0.3897849462365591
6745,3272,0.5148999258710156
2311,1179,0.4898312418866292
11442,5049,0.5587309910854745
1705,925,0.4574780058651027
4913,2324,0.5269692652147364
3292,1550,0.5291616038882139
4380,2181,0.502054794520548
4240,1963,0.5370283018867925
1348,793,0.4117210682492581
766,507,0.3381201044386422
2453,1246,0.4920505503465144
3244,1617,0.5015413070283601
2900,1514,0.4779310344827586
4685,2288,0.5116328708644611
7355,3574,0.5140720598232495
6687,3028,0.5471810976521609
702,407,0.4202279202279202
7131,3066,0.5700462768195205
13019,5862,0.5497350026883785
4126,1929,0.5324769752787203
3132,1508,0.5185185185185186
7093,3198,0.5491329479768786
4820,2029,0.5790456431535269
583,392,0.3276157804459692
4161,1969,0.5267964431627012
3266,1617,0.5048989589712186
10219,4251,0.5840101771210491
2211,1137,0.485753052917232
11740,4915,0.5813458262350937
5126,2255,0.5600858369098712
5689,2656,0.5331341184742486
561,381,0.320855614973262
2878,1397,0.514593467685893
3317,1404,0.5767259571902321
6274,2950,0.5298055467006695
3943,1820,0.538422520923155
2673,1241,0.535727646838758
8566,3831,0.5527667522764417
5798,2634,0.5457054156605726
2638,1200,0.5451099317664898
11051,3918,0.6454619491448738
10904,4969,0.5442956713132796
14460,6403,0.5571922544951591
2429,1151,0.5261424454508028
4106,1919,0.5326351680467609
3717,1524,0.5899919289749798
8629,3873,0.5511646772511298
7488,3495,0.5332532051282051
929,579,0.3767491926803014
2832,1349,0.5236581920903955
2743,1345,0.5096609551585856
3974,2131,0.4637644690488173
7130,2768,0.611781206171108
6431,2776,0.5683408490125952
3320,1625,0.5105421686746988
11593,5207,0.550849650651255
6073,2860,0.5290630660299687
3934,1815,0.5386375190645654
2094,1083,0.4828080229226361
2713,1384,0.4898636196092886
20667,9120,0.558716794890405
2660,1301,0.5109022556390977
2580,1210,0.5310077519379846
5966,2797,0.5311766677841099
2386,1060,0.5557418273260688
807,491,0.3915737298636926
2671,1351,0.4941969299887683
6783,3155,0.5348665782102315
8995,3841,0.5729849916620344
2959,1426,0.5180804325785738
2444,1198,0.5098199672667758
973,514,0.4717368961973278
7341,2825,0.6151750442718975
2238,1036,0.5370866845397677
808,492,0.3910891089108911
6482,2695,0.5842332613390928
6141,2395,0.6099983716007165
4216,1947,0.5381878557874763
11933,4685,0.6073912679125115
881,547,0.3791146424517594
6556,2793,0.5739780353874313
6801,3227,0.5255109542714307
6386,2853,0.5532414657062323
4893,2325,0.5248313917841815
3312,1427,0.5691425120772946
2313,1167,0.4954604409857328
657,408,0.3789954337899544
4185,2074,0.5044205495818399
4283,2066,0.5176278309596077
7251,3541,0.5116535650255137
12674,5658,0.5535742464888749
4911,2152,0.5618000407249033
4517,2109,0.5330971883993801
781,465,0.4046094750320103
5559,2443,0.5605324698686814
11226,5101,0.5456084090504187
2585,1165,0.5493230174081238
3154,1473,0.5329740012682308
2831,1438,0.4920522783468739
6179,2961,0.5207962453471435
2397,1207,0.4964539007092199
6533,2953,0.5479871422011326
2229,1255,0.4369672498878421
2907,1499,0.4843481252149982
8497,3321,0.6091561727668588
1233,665,0.4606650446066505
8878,4146,0.5330029285875197
1564,778,0.5025575447570332
791,494,0.3754740834386851
5530,2475,0.5524412296564195
9963,4526,0.5457191608953127
2639,1299,0.5077680939749905
11689,4938,0.5775515441868424
3136,1565,0.5009566326530612
752,444,0.4095744680851063
622,416,0.3311897106109325
12448,5584,0.551413881748072
4725,2348,0.503068783068783
2398,1179,0.5083402835696413
2758,1389,0.4963741841914431
3754,1910,0.4912093766648907
5657,2259,0.6006717341347003
7765,3518,0.546941403734707
14711,5779,0.6071647066820747
6403,2755,0.56973293768546
1950,1010,0.482051282051282
6264,2811,0.5512452107279693
2287,1150,0.4971578487101006
18657,7527,0.596558932304229
7127,3183,0.5533885225199944
860,529,0.3848837209302326
1885,952,0.4949602122015915
23565,9509,0.5964778272862296
4499,2114,0.5301178039564347
5177,2549,0.5076299014873479
6185,2907,0.5299919159256266
3948,1788,0.547112462006079
7159,3064,0.5720072635842994
12441,5425,0.5639418053211156
8339,4066,0.5124115601391054
5866,2574,0.561200136379134
5232,2381,0.5449159021406728
6067,2813,0.5363441569144553
3568,1700,0.523542600896861
10137,4582,0.5479925027128342
13445,5613,0.5825213834139085
6362,3384,0.4680917950330084
8227,3939,0.5212106478667802
5408,2073,0.6166789940828402
1573,874,0.4443738080101717
4017,1920,0.5220313666915608
11950,5113,0.5721338912133891
1014,624,0.3846153846153846
4505,1989,0.5584905660377358
873,499,0.4284077892325315
994,518,0.4788732394366197
608,370,0.3914473684210526
2531,1241,0.50967996839194
5296,2614,0.5064199395770392
5826,2611,0.5518365945760384
30373,11628,0.6171599776116946
6025,2926,0.514356846473029
5564,2434,0.5625449317038103
5606,2406,0.5708169818052087
7448,2666,0.6420515574650913
4853,2238,0.5388419534308675
9834,4195,0.5734187512711002
3061,1578,0.4844821953609931
3957,1903,0.51908011119535
27746,11023,0.6027175088301016
14214,6404,0.5494582805684536
5660,2431,0.5704946996466431
4058,1763,0.5655495317890586
5553,2683,0.516837745362867
5500,2651,0.518
2585,1299,0.4974854932301741
27169,10295,0.621075490448673
9910,4408,0.555196770938446
13296,6041,0.5456528279181709
6003,2757,0.5407296351824088
14218,5696,0.5993810662540442
4788,2378,0.5033416875522139
2482,1246,0.4979854955680902
6775,2821,0.5836162361623616
4977,2184,0.5611814345991561
4169,1642,0.6061405612856801
4475,2220,0.5039106145251397
3512,1620,0.5387243735763099
8145,3714,0.5440147329650091
11516,4962,0.5691212226467524
3264,1645,0.496017156862745
3613,1686,0.5333517852200387
1987,1038,0.4776044287871163
870,508,0.4160919540229885
5276,2627,0.5020849128127369
13089,5263,0.5979066391626557
5221,2643,0.4937751388622869
786,458,0.4173027989821882
5288,2294,0.5661875945537065
2249,1051,0.5326811916407292
10376,3471,0.6654780262143407
6560,2555,0.6105182926829269
762,490,0.3569553805774278
1036,591,0.4295366795366795
5572,2558,0.54091888011486
1082,770,0.288354898336414
9335,4108,0.5599357257632566
3049,1533,0.497212200721548
954,547,0.4266247379454927
2344,1264,0.4607508532423208
3483,1649,0.5265575653172552
907,525,0.4211686879823594
755,454,0.3986754966887417
3615,1757,0.513969571230982
2643,1286,0.513431706394249
909,519,0.429042904290429
7827,3348,0.5722499041778459
4215,2029,0.5186239620403321
755,478,0.366887417218543
2796,1346,0.5185979971387698
3616,1806,0.5005530973451328
965,542,0.4383419689119171
6661,3240,0.5135865485662814
4025,1996,0.5040993788819876
3742,1837,0.5090860502405131
1686,873,0.4822064056939501
2083,1062,0.4901584253480556
3099,1532,0.5056469828977089
4790,2061,0.5697286012526096
2781,1058,0.6195613088816972
7938,3268,0.5883093978332073
3136,1362,0.565688775510204
2273,1040,0.5424549054113507
5018,2429,0.5159426066161817
2330,1155,0.5042918454935622
4720,2204,0.5330508474576271
4197,2152,0.4872527996187753
2944,1439,0.5112092391304348
8582,3450,0.5979958051736192
2048,1120,0.453125
8538,3452,0.5956898571093934
5663,2541,0.5512978986402967
8178,3191,0.6098067987282954
4609,1965,0.5736602299848124
3542,1752,0.5053642010163749
4769,2124,0.5546236108198783
4111,2049,0.5015811238141572
27258,10512,0.6143517499449702
865,538,0.3780346820809248
690,431,0.3753623188405797
879,532,0.3947667804323094
3305,1344,0.5933434190620273
2055,1048,0.4900243309002433
4899,2392,0.511737089201878
4930,2013,0.591683569979716
700,454,0.3514285714285714
3261,1310,0.5982827353572524
2485,1273,0.4877263581488933
2381,1232,0.4825703485930281
2948,1450,0.5081411126187245
2766,1374,0.5032537960954446
4738,2024,0.5728155339805825
10313,4836,0.5310772811015223
2920,1311,0.5510273972602739
1721,978,0.431725740848344
1929,984,0.4898911353032659
4596,2106,0.54177545691906
3432,1792,0.4778554778554779
6601,3220,0.5121951219512195
3911,1991,0.4909230375862951
7339,3483,0.5254121814961166
1126,594,0.4724689165186501
2432,1190,0.5106907894736843
3854,1987,0.4844317592112092
2767,1456,0.4737983375496928
5838,2951,0.4945186707776635
8710,3992,0.5416762342135477
5787,2887,0.501123207188526
870,549,0.3689655172413792
1226,649,0.4706362153344209
5626,2634,0.5318165659438322
6321,2947,0.5337763012181617
2258,1128,0.5004428697962799
10953,4719,0.569159134483703
3462,1688,0.512420566146736
6199,2606,0.5796096144539442
5341,2528,0.526680396929414
3694,1771,0.5205739036275041
2649,1192,0.5500188750471876
5336,2348,0.5599700149925038
5448,2453,0.5497430249632893
902,539,0.4024390243902439
942,589,0.3747346072186837
3534,1639,0.5362195812110923
8951,4078,0.544408445983689
3557,1751,0.5077312341861119
2941,1413,0.5195511730703842
2551,1073,0.5793806350450803
3236,1522,0.5296662546353523
4061,2025,0.5013543462201429
5622,2558,0.5450017787264319
7597,3614,0.524285902329867
671,411,0.3874813710879284
2490,1184,0.5244979919678715
2548,1292,0.4929356357927786
3280,1618,0.5067073170731707
4467,2082,0.5339153794492948
3389,1652,0.5125405724402479
5152,2176,0.577639751552795
2328,1138,0.511168384879725
3885,1853,0.5230373230373231
5594,2698,0.5176975330711476
2232,1005,0.549731182795699
3744,1713,0.5424679487179487
2204,1034,0.530852994555354
5177,2549,0.5076299014873479
2681,1261,0.5296531145095114
4590,1483,0.6769063180827887
4323,1815,0.5801526717557253
4627,2358,0.4903825372811757
6944,3056,0.5599078341013826
4960,2454,0.505241935483871
2683,1132,0.5780842340663437
7070,2966,0.5804809052333805
3262,1594,0.5113427345187002
943,557,0.4093319194061505
4426,2092,0.5273384545865341
2312,1310,0.4333910034602076
1018,553,0.4567779960707269
5343,2061,0.6142616507580011
6068,2795,0.5393869479235334
3482,1900,0.4543365881677197
2503,1253,0.4994007191370355
4399,1835,0.5828597408501932
980,567,0.4214285714285714
1909,878,0.5400733368255631
20210,5737,0.7161306284017813
2397,1207,0.4964539007092199
4687,2062,0.5600597397055687
6419,2681,0.5823336968375137
5742,2806,0.511320097526994
3533,1809,0.487970563260685
4253,2014,0.5264519162943804
3670,1533,0.5822888283378747
3850,1771,0.54
18494,6438,0.6518870985184384
5775,2870,0.503030303030303
3147,1535,0.5122338735303464
566,381,0.3268551236749116
985,590,0.4010152284263959
929,496,0.4660925726587729
4068,1574,0.6130776794493609
782,501,0.3593350383631714
3941,1706,0.5671149454453184
3505,1455,0.5848787446504993
4029,1941,0.5182427401340283
2598,1235,0.5246343341031563
7621,3420,0.5512399947513449
13658,5933,0.565602577244106
5538,2641,0.5231130371975443
2632,1349,0.4874620060790273
3124,1593,0.4900768245838668
5759,2857,0.5039069282861608
2863,1432,0.4998253580160671
4085,1891,0.5370869033047736
13445,5613,0.5825213834139085
696,455,0.3462643678160919
3376,1514,0.5515402843601895
2512,1297,0.4836783439490446
998,551,0.4478957915831663
4493,1717,0.617849988871578
875,459,0.4754285714285714
5000,2287,0.5426
4054,1843,0.545387271830291
1725,838,0.5142028985507247
5546,2673,0.5180310133429499
1448,841,0.4191988950276243
8151,3166,0.6115814010550853
4134,1666,0.5970004837929366
5304,2635,0.5032051282051282
2451,1173,0.5214198286413709
1673,872,0.4787806335923491
4788,2103,0.5607769423558897
3257,1652,0.4927847712618974
4880,2220,0.5450819672131147
2549,1307,0.4872499019223224
2493,1326,0.4681107099879663
4438,2203,0.5036052275799909
4936,2370,0.5198541329011346
7868,3728,0.5261820030503305
3085,1428,0.5371150729335494
2836,1403,0.5052891396332864
3535,1572,0.5553041018387552
9198,4532,0.5072841922156991
9878,4370,0.5576027535938449
7015,3144,0.5518175338560228
3024,1575,0.4791666666666666
8237,3786,0.5403666383392012
24327,9181,0.622600402844576
3726,1648,0.5577026301663983
2628,1313,0.5003805175038052
2986,1415,0.5261219022103147
2832,1396,0.5070621468926554
3742,1821,0.5133618385889899
9331,4304,0.5387418283142213
2546,1296,0.4909662215239592
5122,2531,0.5058570870753611
3759,1802,0.5206171854216547
8675,3364,0.6122190201729107
6005,2898,0.5174021648626145
6772,2739,0.5955404607206143
522,353,0.3237547892720306
4727,2067,0.5627247725830337
788,483,0.3870558375634517
4396,2155,0.5097816196542311
6357,3073,0.5165958785590687
715,426,0.4041958041958041
3891,1790,0.5399640195322539
680,420,0.3823529411764705
5685,2741,0.517854001759015
3471,1579,0.5450878709305675
2837,1512,0.4670426506873457
7989,3509,0.5607710602077858
3894,1897,0.5128402670775551
2530,1194,0.5280632411067194
2725,1434,0.4737614678899082
8956,4160,0.5355069227333631
6327,3191,0.4956535482851272
3013,1517,0.4965151012280119
5881,2701,0.540724366604319
6419,2642,0.5884094095653529
4524,1847,0.5917329796640142
7218,3487,0.5169021889720145
1120,670,0.4017857142857143
2868,1461,0.4905857740585774
3357,1609,0.5207030086386655
2662,1331,0.5
6838,3032,0.5565954957589938
7641,2929,0.6166732103127863
10988,4602,0.581179468511103
6661,3240,0.5135865485662814
2653,1333,0.4975499434602337
6948,2767,0.6017559009786989
4595,1841,0.5993471164309032
1355,778,0.425830258302583
552,373,0.3242753623188406
6750,3234,0.520888888888889
5359,2588,0.5170740809852584
3597,1505,0.5815957742563247
4005,1904,0.5245942571785269
5844,2349,0.5980492813141685
2681,1261,0.5296531145095114
13138,5928,0.5487897701324402
8752,3583,0.5906078610603291
12276,5439,0.5569403714565004
3253,1537,0.5275130648632032
2726,1381,0.4933969185619956
2504,1278,0.4896166134185303
6515,3076,0.5278587874136608
7871,3960,0.4968873078389023
12579,5058,0.5979012640114476
5682,2584,0.545230552622316
2557,1204,0.5291357059053579
5737,2272,0.6039742025448841
2611,1358,0.4798927613941018
7804,3388,0.5658636596617119
2979,1347,0.5478348439073515
6257,2680,0.5716797187150391
710,444,0.3746478873239436
709,462,0.3483779971791255
8849,4191,0.5263871623912306
3772,1770,0.5307529162248144
6376,3299,0.4825909661229611
2299,1301,0.43410178338408
845,515,0.3905325443786982
3427,1620,0.5272833381966735
6601,3057,0.5368883502499622
561,367,0.3458110516934046
26350,11608,0.5594686907020873
4562,2116,0.5361683472161333
4328,2335,0.4604898336414048
1346,676,0.4977711738484398
5869,2365,0.5970352700630431
1468,852,0.4196185286103542
3170,1568,0.5053627760252366
523,333,0.3632887189292543
1705,938,0.4498533724340176
7794,3665,0.5297664870413139
10586,4775,0.5489325524277348
4813,2342,0.5134012050696032
967,558,0.4229576008273009
800,497,0.37875
2592,1161,0.5520833333333333
7840,3277,0.582015306122449
5942,2565,0.5683271625715247
3400,1712,0.4964705882352941
5853,3020,0.4840252861780283
6779,3211,0.5263313173034371
2229,1160,0.4795872588604756
660,419,0.3651515151515151
1765,899,0.4906515580736543
5915,2685,0.5460693153000845
7067,3352,0.5256827508136408
1176,676,0.4251700680272109
8835,4000,0.5472552348613469
1035,601,0.4193236714975845
4209,1812,0.5694939415538133
3991,1872,0.5309446254071661
2737,1417,0.4822798684691267
4619,1574,0.6592336003463953
3144,1464,0.5343511450381679
1776,1012,0.4301801801801802
4289,1557,0.6369783166239217
12193,5667,0.535225129172476
3648,1449,0.602796052631579
1595,957,0.4
2215,1034,0.5331828442437923
13577,5512,0.5940192973410916
5097,2313,0.546203649205415
3645,1551,0.574485596707819
18434,8273,0.5512097211674081
4794,2226,0.5356695869837297
3184,1569,0.5072236180904522
7363,3358,0.5439358956946896
4520,2077,0.5404867256637168
2271,1101,0.5151915455746368
3383,1634,0.516996748448123
5084,2426,0.522816679779701
6004,2893,0.5181545636242505
2967,1476,0.5025278058645096
8998,3940,0.562124916648144
8442,4086,0.5159914712153518
886,519,0.4142212189616253
3696,1592,0.5692640692640693
3851,1763,0.5421968319916906
1623,811,0.5003080714725816
1682,872,0.4815695600475624
7593,3738,0.5077044646384827
4017,1946,0.5155588747821758
2575,1305,0.4932038834951456
807,491,0.3915737298636926
2547,1221,0.5206124852767962
7738,3551,0.5410958904109588
6243,2587,0.5856158897965722
2659,1437,0.4595712673937571
10420,4697,0.549232245681382
3905,2000,0.4878361075544174
7348,3325,0.5474959172563962
5730,2544,0.556020942408377
697,408,0.4146341463414634
789,466,0.4093789607097592
3316,1586,0.5217129071170085
2956,1482,0.4986468200270636
5233,2583,0.506401681635773
7499,3310,0.55860781437525
1499,767,0.4883255503669113
2665,1424,0.4656660412757973
3195,1642,0.4860719874804382
7056,3090,0.5620748299319728
849,507,0.4028268551236749
2285,1136,0.5028446389496718
1844,926,0.4978308026030369
843,472,0.4400948991696323
6455,2199,0.6593338497288923
6151,2729,0.5563323036904568
6979,3113,0.553947556956584
1013,555,0.4521224086870681
4989,2409,0.5171377029464823
4165,1869,0.5512605042016807
4907,2174,0.5569594456898308
4924,2116,0.570268074735987
4981,2199,0.5585223850632404
3691,1737,0.5293958276889732
973,581,0.4028776978417266
27402,7256,0.7352018100868549
3088,1559,0.4951424870466321
3437,1495,0.5650276403840558
3834,1416,0.6306729264475743
3572,1756,0.5083986562150056
3745,1572,0.5802403204272364
7304,3115,0.5735213581599123
7153,3393,0.5256535719278624
5921,2930,0.5051511568991724
30282,14350,0.5261211280628757
5045,2515,0.5014866204162537
2796,1376,0.5078683834048641
2536,1215,0.5208990536277602
5061,2550,0.4961470065204505
7605,3782,0.5026955950032873
4851,2406,0.5040197897340755
608,389,0.3601973684210526
4706,2309,0.5093497662558436
2984,1290,0.5676943699731903
2390,1211,0.4933054393305439
6700,3195,0.5231343283582089
2004,1026,0.4880239520958084
1853,977,0.4727468969239071
4806,2353,0.5104036620890553
3945,1690,0.5716096324461344
4905,2221,0.5471967380224261
2238,1176,0.4745308310991957
3020,1568,0.480794701986755
1828,1025,0.4392778993435449
1053,629,0.402659069325736
630,383,0.3920634920634921
1020,575,0.4362745098039216
903,556,0.3842746400885936
1130,639,0.4345132743362832
8994,4252,0.527240382477207
1423,737,0.4820801124385102
3083,1437,0.5338955562763542
4234,2128,0.497401983939537
6612,2826,0.572595281306715
4770,1530,0.679245283018868
3242,1615,0.5018507094386182
3555,1702,0.5212376933895921
4444,2273,0.4885238523852385
5158,2507,0.5139588987979837
750,462,0.384
15663,5648,0.6394049671199642
6243,2587,0.5856158897965722
2643,1347,0.4903518728717366
3923,1881,0.5205200101962784
2913,1238,0.5750085822176451
7757,3536,0.5441536676550213
3749,1951,0.4795945585489464
7056,3388,0.5198412698412698
2789,1350,0.5159555396199355
6264,2811,0.5512452107279693
968,557,0.4245867768595041
19060,7622,0.6001049317943337
5485,2652,0.5164995442114859
5167,2470,0.5219663247532418
516,332,0.3565891472868217
3702,1875,0.493517017828201
2759,1496,0.4577745559985502
1047,618,0.4097421203438395
1462,739,0.4945280437756497
10507,4193,0.6009327115256495
3393,1656,0.5119363395225465
2478,1209,0.5121065375302664
1968,754,0.6168699186991871
952,561,0.4107142857142857
2892,1386,0.5207468879668049
2502,1208,0.5171862509992007
3824,1941,0.4924163179916317
2179,1159,0.4681046351537402
3267,1524,0.5335169880624426
6577,3327,0.4941462672951193
4898,2370,0.5161290322580645
6247,2373,0.6201376660797182
27746,11023,0.6027175088301016
1915,1055,0.4490861618798956
4291,2184,0.4910277324632952
4914,2452,0.5010175010175011
4154,2009,0.5163697640828118
2618,1262,0.5179526355996944
7775,3666,0.5284887459807074
7828,3233,0.5869954011241696
2964,1542,0.4797570850202429
3561,1419,0.6015164279696714
734,466,0.3651226158038146
3798,1737,0.542654028436019
5156,2485,0.5180372381691234
2435,1165,0.5215605749486654
4577,2155,0.5291675770155124
7448,2666,0.6420515574650913
7192,3178,0.5581201334816464
8083,3658,0.5474452554744526
5122,2005,0.6085513471300273
2932,1574,0.4631650750341064
760,421,0.4460526315789473
2826,1367,0.516277423920736
8376,3239,0.6132999044890162
4857,2368,0.5124562487131974
2991,1408,0.5292544299565363
